intercepto,Confiança_consumidor,Desemprego,SELIC,IBC-Br,IPCA,Endividamento_das_familias
1,0.024095315587540966,7.36649887681714,0.741320195490173,0.003247321672490422,0.527917118028184,37.1112792486541
1,0.04045734582666327,7.44374168279807,0.734244881244419,0.012552560108180622,0.454032228916074,37.2594761820784
1,-0.01754723280286541,7.41283289476039,0.659889304997168,0.007148008850832888,0.285128285175055,37.4254635303807
1,0.010836020894622322,7.33252914742121,0.621403160395788,0.0017087340260815154,0.689960174680805,37.4836675379425
1,-0.029887457172555365,7.28006911610045,0.674988634287685,0.00298337599617593,0.656219119155638,37.5874458178183
1,-0.02263144511998849,7.2305679345638,0.533984242926116,-0.003984363828506865,0.673839134485114,37.4571666612252
1,-0.015585677456307678,7.14224758058274,0.576618662310107,0.008436633281488248,0.629468046011764,37.6835418267583
1,-0.01864231217216261,7.23945591469959,0.58274608806433,-0.001536417268367174,0.599177613140622,37.8416116469785
1,0.004575988660093344,7.43382953320602,0.544368043135606,-0.004432406184653459,0.564250756032349,38.0637723673452
1,-0.009409672984724615,7.48921878551654,0.579511611468311,0.008815809589387769,0.433306700760089,38.1432969924543
1,-0.008134403880255547,7.70514984117352,0.562363961222326,-0.012409334449656306,0.390876495348162,38.2778182169947
1,0.015457320846166134,7.49437910101269,0.539746290643161,0.010730918645359466,0.499164794122692,38.2686262886887
1,-0.008089675203721391,7.46350130742542,0.637424727314532,0.010730877287573826,0.461539057383227,38.4158080440003
1,-0.01168143931551402,7.35706065393763,0.596933821951885,0.0013944145429158894,0.449649669717707,38.4531666811905
1,-0.01934116891081672,7.3279914608953,0.624396827091945,-0.0032431391914613528,0.462064144601533,38.4099800167021
1,-0.03785394668150577,7.24022957029939,0.660721596163197,0.0037657263879271596,0.269871469169258,38.5090291786222
1,-0.031104327375127028,7.17920530495868,0.691628604559683,0.0025187892492422037,0.468909795720834,38.5681681035987
1,-0.008340708470993441,7.11210765353298,0.703130309448473,0.004707208779080041,0.474406405160054,38.4533137539124
1,-0.012295671891065396,7.02849301555207,0.770008314422186,-0.0002689538104734268,0.606169433660926,38.3545858985989
1,-0.01834340853106564,6.90571107788152,0.763386594364017,0.002749277985675036,0.532153573782776,38.3122116711864
1,-0.019529488734561617,6.67298864638373,0.780654426646917,0.0029813320562759316,0.705945522172114,38.2258306615794
1,-0.03935712894147514,6.75431743848496,0.823049167411263,0.0011919120370871283,0.135482973292746,38.2285795839078
1,-0.004982190899593064,6.7165586037753,0.907627854197374,-0.007376455006343541,0.488109040816963,38.2606696850891
1,-0.02983006707837177,6.76255463488675,0.750676887368393,-0.0010386675086451191,0.941902686062847,38.2506295721596
1,-0.02769170148864486,6.8082273030433,0.855831855032871,-0.004409190675383812,0.622586505845283,38.2670205440913
1,-0.03915547500849037,6.78500490259144,0.867514497441401,-0.0037585243220190634,0.508780159788133,38.3582455380117
1,-0.030383212159569517,6.76308585836956,0.832301893679172,-0.02145760626731441,0.604320656195648,38.5004345070463
1,0.037549977206143836,6.86059343237905,0.877699830745214,0.008048319385404845,0.217984394234551,38.5204412502806
1,0.004757269036776535,6.97713526208984,0.839752149357369,0.008009001834700769,0.451801596805023,38.5184431024821
1,0.03981055199706951,6.8951990676166,0.906161197363655,0.005772507529233195,0.719022606801499,38.6945830921255
1,-0.05200172287704419,6.9194199346175,0.910597713606406,-0.008759446058426157,0.443125470486963,38.9400486291644
1,-0.00957801090324839,6.98474189439391,0.891875843657514,0.001655748449499228,0.497550127352927,38.8815541482152
1,-0.0372918528884334,7.0842490367613,0.948870717056105,0.004340267175114931,0.582414200915757,39.2478224178717
1,-0.011412006140200326,7.14774653719472,0.913058578944005,-0.009149767458706215,0.857458277316777,39.5624231014052
1,-0.03607997604016688,7.39893188683821,0.941714396297166,-0.004288961483620568,1.02641111794508,39.6551470972654
1,-0.0027772896543716286,7.53514834602244,1.00658096624378,-0.002881668119991687,1.34813016581129,39.8212275936543
1,-0.03372850925661641,7.68069896224182,0.987504000992089,-0.014169716049170056,0.700444230452062,40.1405875338063
1,-0.04694937609738137,7.95847518170126,0.985856027598694,-0.006376618052899019,0.746340800100172,40.0796262084028
1,-0.018853075375161232,8.25395979755692,1.07763158760741,-0.009277757141389564,1.00170704109341,40.1120597161833
1,-0.05791514364673134,8.46755848240784,1.10160136626274,-0.01193166369858556,0.769536981152911,40.3625899626221
1,-0.0024420146092172246,8.77841393532789,1.05694052683271,0.004988632699758355,0.402795368776687,40.4803695174418
1,-0.018268885054931516,9.11863621444028,1.11740354762182,-0.007357055693236525,0.702944201905986,40.7829027667426
1,0.018647615518435856,9.38845589744395,1.07239213218065,0.0034466416419878243,0.817282059509733,40.8056466242032
1,-0.0519996199046,9.58041505794944,1.12683123990968,-0.009520992022430619,0.998505082761468,40.444536488476
1,0.001458516043419067,9.7214119464919,1.1526931281839,-0.0038325170151027876,0.801139498577726,40.0363956518709
1,0.0063347268696078984,9.90058852331219,1.03213825786001,-0.0057584458374364544,0.945172850034911,39.9660721048381
1,0.0346308904202246,10.1548781102243,1.144215394429,0.0008623794719859745,0.714132815327069,39.6996661855191
1,-0.013938740593871124,10.3870467423577,1.11378416059051,-0.006882326939728678,0.432099781357207,39.593971167752
1,0.00015029087184004197,10.7453416845389,1.09368829689717,-0.00027752665154157086,0.624885885321467,39.367269733388
1,0.08767878841977872,10.973259444885,1.10020322547236,-0.0027056384862103044,0.768621613986341,39.2218540989245
1,0.08187733135410102,11.2296262795123,1.16537015292592,0.002503955522533019,0.574523632318707,39.0625592887187
1,-0.0010241490125482144,11.569398803308,1.0468202507777,-0.0037170922747193913,0.614767181280832,38.8546206966084
1,0.018457327723774064,11.8892956865641,1.1482465869273,-0.0030827588067419143,0.604553317279636,38.6701880017421
1,0.04657006132710073,12.0732282929968,1.13151729369741,0.0016351814780115603,0.259698976636425,38.4943778419109
1,-0.02217084595114649,12.2836513919465,1.0186282147008,-0.004726614005507557,0.226790204426838,38.2144673742367
1,0.01936566592598421,12.5799465630583,1.1070508053857,-0.0003024403500813122,0.136451848580388,38.1199977320384
1,-0.022707863190058575,12.8491665417705,1.12645799853454,-0.0035707838308551842,0.165855076733378,38.0684500638801
1,-0.0984601498013804,13.0120238404052,1.05997825149013,0.0031487610699576507,0.125042699057824,37.9119329558231
1,0.07799335720876321,13.0981471250806,0.989151966760553,0.016707160865695236,0.161618824950988,37.8431322768778
1,0.012485301367221702,13.1559619719041,1.00032451971271,-0.0012049698235463424,0.23784272960781,37.8265918353272
1,0.018378328468686256,13.0900847301585,0.806970400259073,0.0010228634975755213,0.174909523676441,37.5330690393516
1,-0.005895352326508174,13.0255124972151,0.916440743870283,-0.0046721021737043955,0.319497558184042,37.4524974600799
1,-0.01376950600895821,12.9201979112233,0.81466993522987,0.00856688469925615,-0.00890150501944573,37.3629759797291
1,0.039254793022877266,12.8140486139451,0.765209988712846,0.00046559000741552836,0.276906298851971,37.4185864900776
1,-0.03805203044185568,12.7098101807936,0.746018610695596,-0.003352703791300371,0.346664863414885,37.3785829103237
1,-0.034427065638396925,12.6601060250842,0.659827583096083,0.0005833455336965443,0.331012750158504,37.307101243271
1,0.02511709390169603,12.6765512615491,0.621271743060202,0.001899372249587472,0.353210563472481,37.3172093918685
1,-0.01742642801697336,12.6338241094442,0.606124424725795,0.0010240471937628115,0.202120599494861,37.2240542641335
1,0.018229275301563597,12.569689861238,0.548612479535885,0.012512814513254256,0.318696445892476,37.1376186167861
1,0.046109120250207525,12.5611558117849,0.564424776835351,-0.004326556544583582,0.134266781396609,37.1155290952285
1,0.0077033785887641315,12.5168591399218,0.529931787651959,-0.0029808826691848367,0.165687426556669,37.1359329679996
1,0.008019453636974205,12.5496623356821,0.502477619121585,-0.002244209267947106,0.0277264142698254,37.2722950149671
1,-0.024902567701135858,12.4932274214241,0.52723202423275,0.007022867490902307,0.267118689406647,37.5452027272643
1,0.07340631258452746,12.4667841896703,0.508753407836042,-0.029894408548499563,0.452591451148875,37.8496884012817
1,-0.055931263492378314,12.4332788648611,0.525544135951765,0.02716911036418246,1.49101166985355,37.9241632036589
1,-0.021672559288862026,12.3250284192424,0.522016075939233,0.005111807383286759,0.342936176893925,37.9770216011356
1,0.0015164615399703152,12.1990359157341,0.529470151153619,0.005848020484528149,0.0644998979951551,38.0667768605995
1,0.008412777066123311,12.0985699575663,0.488670617595121,-0.003749357463489922,0.616582462894919,38.1155465430415
1,0.009421664413439501,12.1281866927568,0.523345797394582,0.0022432915810490783,0.34543518176789,38.291903317595
1,0.02599631737542385,12.1904093608799,0.518691345270894,0.001554110971682121,-0.323704140280725,38.5904510765432
1,0.07318541390302968,12.3126574957967,0.501254073770395,0.0028801376490843467,0.0279182761716054,38.8969923055271
1,-0.011628903178952044,12.4569255148028,0.526897086159888,0.00043177978089570246,0.271245416590615,39.0651680724096
1,0.060000154540831296,12.3298155651258,0.546835370121515,-0.006397684579548368,0.280920878084771,39.4016721362234
1,-0.05531395262425143,12.229035271012,0.444429986539289,-0.007984054824928144,0.645723476991906,39.6140191464822
1,-0.0009971046734671418,12.1938258619418,0.527588243121235,-0.0005022107409367038,0.604174065070073,39.8857276577496
1,-0.002317957494213374,12.0936158323663,0.525519079063292,0.014554982174903586,0.230310601494284,40.274527657978
1,-0.051535152078461266,11.9375604227616,0.475679355881189,-0.003465054808876822,0.225868516704958,40.6975601080895
1,0.011026610189198038,11.8263720825236,0.556371077010783,-0.0037726740993457852,0.199448197035214,40.9394534412221
1,0.02464791652663223,11.8784417021549,0.46386685815897,0.0028358055140955685,0.308517007409366,41.2445390815477
1,-0.03923707234700036,11.9311724849211,0.479061392004776,0.003701089511240596,0.0653958675332504,41.3181800879301
1,0.00018966982366830365,11.9875222819238,0.46588619163214,0.010842938376662836,-0.0511255609980387,41.3104527560505
1,0.025271348302665864,11.7545265890141,0.400141002506297,-0.002417846802091894,0.38599724989173,41.2896278563658
1,-0.014630950391262942,11.6674660712648,0.376468359425326,-0.0023991149462130323,1.03583773634019,41.3015826604882
1,-0.013069013354932935,11.5652671969686,0.373605425220707,0.0008135520618344216,0.243331319938082,41.2712659636391
1,0.0664128220055149,11.535852467936,0.321470958183927,0.0012612687197410821,0.0789160783528919,41.3524863585835
1,-0.010107392894943779,11.8687204346902,0.320301027873517,-0.06806862417853043,-0.0969002891434357,41.6491052396539
1,-0.07498603141020777,12.3317290990518,0.288151861716088,-0.0955136347805201,-0.316577483947768,40.9821393955219
1,-0.11092388378119811,12.8045623673382,0.23223174564593,0.028118828285307096,-0.238524996156059,40.227794987496
1,0.06618913956074302,13.4322723357055,0.212235142477993,0.045423318409990365,0.490114275356063,39.5550611315513
1,0.0025825279185944794,13.9950526798362,0.186223346314298,0.025344143080856973,0.39806874151377,39.4432386645615
1,-0.015083647156095559,14.7645274201449,0.148626966485071,0.02041507084574512,0.466962420271309,39.3194477679586
1,0.034539140236793386,14.9273258323049,0.165803029187741,0.01884860492758822,0.731296023497636,39.6541313444767
1,-0.0014020073918699083,14.9587464523491,0.155912410220963,0.0202885389231815,0.698829274179958,40.1322282822299
1,0.008960571633471304,14.8937169592304,0.157181625642567,0.0015186599481502583,0.763320356370388,40.7490909058509
1,-0.032949134389008705,14.9399153903672,0.161704197130644,0.0025116546796208894,1.2333430684151,41.6254370271425
1,0.03166232237971034,14.7149222356225,0.147723133931537,0.0020972438639770274,0.315675588405512,41.8069825146247
1,-0.017111140494592725,14.3246067173871,0.143760112301749,0.009095137759223881,0.642971956912826,42.1434862575351
1,0.016549217083876577,14.1919453936927,0.188449518166525,-0.036241200086516656,0.739941447059648,42.5120429983993
1,-0.04266347551719907,14.3495040272447,0.220030915457371,0.011035525284880165,0.271103822450623,42.9746165515322
1,0.04012871778030025,14.369702110746,0.261054110945372,0.006779635781012594,0.982111435191819,44.068590643419
1,0.03274555930256717,14.0808304465504,0.311818572249948,-0.0019242360419635673,0.758778019897752,44.7475011945186
1,0.01695108277085655,13.6411558866586,0.352847135454535,-0.004997839381529978,1.02620805093885,45.4574965644746
1,-0.006424935249748742,13.217018678514,0.399393977673435,0.007870548314739878,1.14074718642609,46.6259641605598
1,0.0014247573275536496,12.7869273000806,0.452360014661924,-0.0011955553651468165,1.25159707356612,47.5682849151999
1,-0.04030773282754563,12.4495944915361,0.479186891525592,0.005366470620417729,1.0863892820323,48.0631613407574
1,-0.021495401494144417,12.0999683806552,0.618716280339706,0.015181450485099113,0.851521202544733,48.609615732146
1,-0.0046992386204491865,11.6909303571131,0.769736360970417,0.0038398439806455187,0.602637136433608,49.3241633541263
1,-0.03596935122409306,11.3748401131154,0.718421342788318,-0.020431890842045775,0.62204231904315,49.3317981888248
1,-0.05701511573727558,10.8916029225012,0.842518940686555,0.011168089968896844,0.738889991763944,49.395077873205
1,0.05250358871229999,10.4703501411286,0.880721742345381,0.011339279766436228,1.41294144383144,49.6509605326821
1,0.020580119232993077,10.1182624860549,0.884438560775114,-0.00043551148195764,0.992694333817249,49.7891687521511
1,0.041375991591551475,9.59106521391268,0.994769919948132,0.0015833078973175319,0.595463910902366,49.7910907003547
1,-0.013274813089997117,9.28213217977858,1.02494221224731,-0.0003998826997149152,0.924150743855649,49.9052775148671
1,0.008106100804278427,9.10405055719808,0.999127095588272,0.016351274460935983,-0.588643502172006,50.1315458601149
1,-0.006968712516444597,8.96628192526707,1.09028770334309,-0.0020119589616962585,-0.0653246374535853,49.789112316984
1,0.02583904854652541,8.83319510021345,1.09122493254755,0.0010526420331578024,-0.225889245127338,49.619030126844
1,0.030465941167657995,8.59991856637697,0.995641314303162,0.002799899086949331,0.461175018452832,49.6060122691281
1,0.00747593191053042,8.48306164980957,1.07673472820704,-0.007927287179346543,0.359323666701053,49.2127000972738
1,0.023501525689550107,8.31691988135153,1.11344021564684,-0.0007981347267769223,0.491692979549291,49.0368042781507
1,0.019477525373619464,8.46345082142574,1.09590172131289,-0.005285065553561452,0.604969410708812,48.8387352804264
1,0.009567998291385216,8.26962873655791,1.02376374086873,0.0291347241072355,0.522213843267434,48.6962442957244
1,0.030415036535997864,8.21073253193255,1.11818252172617,0.0008128943711689374,0.51678038072899,48.7344371494257
1,0.008133985040157832,8.13296570012716,0.987948502497743,0.010317669291930898,0.519296417872696,48.7032662670336
1,-0.0019213282625489825,8.11533221802875,1.08440007294197,-0.017416097643463857,0.313085230765937,49.0964761878546
1,0.02543755129816372,8.04012827991301,1.07554940975297,0.0013678043721236932,0.158144311711555,48.6523468473365
1,-0.010319594740909821,7.95383943559336,1.02440231144908,0.0032070096584302377,0.221318683904918,48.232861492782
1,0.033541600724153575,7.92075510945119,1.06613347440304,-0.0037153125763369488,0.562151315861188,48.3297319137868
1,0.0009342551004012378,7.87676979726599,0.981919504494101,0.0012352275789311307,0.310604826614398,48.1554859373892
1,0.0038451712038920505,7.92062567819856,0.971611559584976,0.002903009165532211,0.146128077834911,48.0612439329372
1,-0.0351591864148455,7.89059810733099,0.981919766646938,0.006307327217887071,0.276599002368235,47.9730624384921
1,-0.0004449190210129572,7.78107015135741,0.881263856315504,0.013156828246458474,0.442101310886144,47.6904318523927
1,-0.0022146178971782504,7.60820147067795,0.944349359022799,-0.003501386248490057,0.470736344423837,47.7686920308384
1,0.021769547135746414,7.43605835943632,0.895965943668499,0.0021707473202843275,0.482858709531694,47.8904384927712
1,-0.003211344109328884,7.30798118295987,0.798871793167782,-0.00047653759822452457,-0.0257854356830323,47.7969689201913
1,0.004349105463671954,7.12860847521383,0.956285716474257,0.0004499048420232299,0.27572210526873,47.7386779189966
1,-0.007344892740053233,6.94167224657318,0.805650044735515,0.009029830171931152,0.517334905672232,47.7331570349137
1,0.002498426024888367,6.96755529043386,0.797095399420391,0.008189009499514732,0.436504198328069,47.8375669406562
1,0.007723268254707705,6.87508009547517,0.85889124622301,0.002916937066904879,0.487864691468616,48.0692069279275
1,-0.024553139696296356,6.74021440640568,0.819265739143212,0.0023959099356289926,0.304859185435231,48.181023938739
1,-0.03604862968948819,6.57314054197241,0.844914147079492,0.007950098560794316,0.461950941772094,48.1542219169952
1,-0.01833410961446713,6.48665482446268,0.895694041276651,0.0014286197856803184,0.538722600610945,48.0832547234479
1,0.011430557943513442,6.45224482388873,0.852883213447041,-0.0015607591730173453,0.416144716553769,48.1830230880005
1,-0.01689133419350064,6.51924884418173,0.922359783666722,-0.005015292537874139,0.411174251455131,48.424189805442
1,-0.0177687434283893,6.48459797589801,0.97754505921128,0.0058012047372297815,0.174366507183438,48.5107949954879
1,-0.03986158627403036,6.44670761250465,1.11501310836908,0.006490148713405475,0.944749364764092,48.5676558418317
1,-0.005913099408830114,6.44241098769556,0.928744758023345,0.012035928974961863,0.392719737814649,48.8431428897829
1,-0.009932550305421728,6.24142982495911,1.13118626055982,-0.0033421956095764926,0.343718097242996,48.9686710916733
1,0.021887268725884645,6.05459131897728,1.1124247149114,-0.006607992633735016,0.309314815985831,48.9568529877106
1,0.008469056937019381,5.87143399411815,1.11441062316509,-0.002146694957666284,0.429360914093675,48.9216853056728
1,-0.03136005113728135,5.6804134312889,1.19582282218326,-0.004573414135293774,0.362273196651062,48.9069848656568
1,0.0060374543125298885,5.7420994518373,1.09930629404158,0.0048802620867292035,0.209051129512365,48.9596539285028
1,-0.01498152868242375,5.75586595660116,1.22139427793055,-0.0015065541714802677,0.478252928082803,49.1384736250204
1,0.02857860734643136,5.65432746471526,1.22400712919839,0.0007313471836196683,0.116142635689922,49.3882979228535
1,0.026956266346210178,5.51595677915416,1.14283955482109,0.00512088946963285,0.219613117976668,49.5375827843519
1,0.01792172108769119,5.37255169918195,1.2090363360044,0.0013129902993158638,0.226346638937354,49.7012654992749
1,0.020332589794417544,5.37908739328494,1.12269006497541,0.005807031393904261,0.332757862491234,49.8249538615448
